n_population,n_generations,mutation_rate,k,fitness
151,25,0.14450047001499047,25,23.25801000630476
107,29,0.1642548140317247,5,30.229758707866257
