n_population,n_generations,mutation_rate,k,fitness
203,23,0.22081565556849533,10,43.14624198086735
279,21,0.19559304905310582,10,38.044817940852255
